caption,image_file
8iuuqm4 wearing a blue dress and a white shirt with hands on her hips,dancing_00004_.png
8iuuqm4 in a blue dress holding a red purse,from the back_00003_.png
8iuuqm4 in a blue dress,girlkeep.png
8iuuqm4 in a blue dress standing next to a cat,in the forest_00005_.png
8iuuqm4 in a blue dress,in the kitchen_00003_.png
8iuuqm4  with brown handbag,in the kitchen_00004_.png
8iuuqm4 riding a bike with a basket of flowers,on a bike_00002_.png
8iuuqm4 with a brown case,portrait_00006_.png
8iuuqm4 with a book and a cat,reading_00007_.png
8iuuqm4 reading a book,reading_00009_.png
8iuuqm4 in a blue dress with a handbag,running_00004_.png
8iuuqm4 being sad in a blue dress,sad.png
8iuuqm4 on the beach with goggles on her head,swimming_00015_.png
in the style of TOK drawing of a boy sitting on a bench in front of a blue dinosaur,A_image_1.png
in the style of TOK illustration of a group of children in a car on the beach,A_image_1_child (1).png
in the style of TOK drawing of a woman in an apron looking at vegetables on a kitchen table,A_image_1_child.png
in the style of TOK painting of a peaceful rural road with colorful trees and flowers on either side,A_image_2.png
in the style of TOK they are two drinks in two different cups next to a green dinosaur,A_image_minimalist (1).png
in the style of TOK trees and grass line the river with colorful watercolors,A_image_minimalist.png
in the style of TOK cartoon of bridge across a small lake with a house in the background,A_image_minimalist_2 (1).png
in the style of TOK zebra fish with colorful fins painted in a watercolor style,A_image_minimalist_2 (2).png
in the style of TOK fountains of water and grass surround a cute green dinosaur in the water,A_image_minimalist_2 (3).png
in the style of TOK this is a watercolor painting of a squirrel sitting on a branch,A_image_minimalist_2.png
in the style of TOK grandfather and children eating at table with coffee and fruit,A_image_minimalist_child.png
in the style of TOK  a young boy with backpack next to a dinosaur and a little boy with a backpack,A_image_story_1.png
in the style of TOK couple of cats and a dog sit in front of each other,Copy of AdobeStock_52938112.jpeg
in the style of TOK painter of a watercolor bee with a red heart in its stomach,Copy of AdobeStock_52938126.jpeg
in the style of TOK drawings of houses with a house with a flower pot on a window sill,Copy of AdobeStock_52938208.jpeg
in the style of TOK paints of a house with a red roof and a house with a green tree,Copy of AdobeStock_52938255.jpeg
in the style of TOK cartoon drawing of a snail with a house and a dragon holding a red heart,Copy of AdobeStock_53475991.jpeg
in the style of TOK artist's illustration of a cat reading a book at a desk,Copy of AdobeStock_54425439.jpeg
in the style of TOK brightly colored illustration of an old lady standing with her two dogs,Copy of AdobeStock_54425452.jpeg
in the style of TOK illustrator of a girl on a beach with a bucket and shovel,image_1.png
in the style of TOK brightly colored watercolor picture of a little girl flying with hot air balloons,image_2.png
in the style of TOK girl in overalls with giraffes and a backpack standing next to her,image_2_child.png
in the style of TOK drawn washer and washing clothes in the garden with a rainbow behind them,image_landscape_2.png
in the style of TOK  kids on a slide with a rainbow in the background,image_minimalist (1).png
in the style of TOK someone is walking across the field with a book and sunflowers,image_minimalist.png