caption,image_file
8iuuqm4 sitting on top of a hill,ComfyUI_temp_okkiu_00013_.png
8iuuqm4 on a tree stump with mountains in the background,ComfyUI_temp_okkiu_00014_.png
8iuuqm4 from the back in a blue dress and yellow shirt,ComfyUI_temp_okkiu_00028_.png
8iuuqm4 from the back wearing a blue dress and a white shirt,ComfyUI_temp_okkiu_00030_.png
8iuuqm4 standing in the water with a ball and a fish,ComfyUI_temp_okkiu_00035_.png
8iuuqm4 wearing a red cap riding on the back of a brown horse,ComfyUI_temp_okkiu_00041_.png
8iuuqm4 wearing a green t-shirt with a backpack,ComfyUI_temp_okkiu_00047_.png
8iuuqm4 sitting on a bed in striped pyjamas,ComfyUI_temp_okkiu_00057_.png
8iuuqm4 in an orange shirt and blue overalls playing in the sand,ComfyUI_temp_okkiu_00066_.png
8iuuqm4 standing in front of a table with a bowl of cereal,ComfyUI_temp_okkiu_00078_.png
8iuuqm4 a little girl standing in the water with a fish and a fishing rod,ComfyUI_temp_okkiu_00083_.png
8iuuqm4 in a blue dress is rowing a boat with oars,ComfyUI_temp_okkiu_00089_.png
8iuuqm4 in a sailor's outfit,ComfyUI_temp_okkiu_00091_.png
8iuuqm4 in a space suit holding a round object,ComfyUI_temp_okkiu_00093_.png
8iuuqm4 wearing a blue dress and a white shirt with hands on her hips,dancing_00004_.png
8iuuqm4 in a blue dress holding a red purse seen from the back_00003_.png
8iuuqm4 in a blue dress,girlkeep.png
8iuuqm4 in a blue dress standing next to a cat,in the forest_00005_.png
8iuuqm4 in a blue dress,in the kitchen_00003_.png
8iuuqm4  with brown handbag,in the kitchen_00004_.png
8iuuqm4 riding a bike with a basket of flowers,on a bike_00002_.png
8iuuqm4 with a brown case,portrait_00006_.png
8iuuqm4 with a book and a cat,reading_00007_.png
8iuuqm4 reading a book,reading_00009_.png
8iuuqm4 in a blue dress with a handbag,running_00004_.png
8iuuqm4 being sad in a blue dress,sad.png
8iuuqm4 on the beach with goggles on her head,swimming_00015_.png