caption,image_file
8iuuqm4 wearing a blue dress and a white shirt with hands on her hips,dancing_00004_.png
8iuuqm4 in a blue dress holding a red purse,from the back_00003_.png
8iuuqm4 in a blue dress,girlkeep.png
8iuuqm4 in a blue dress standing next to a cat,in the forest_00005_.png
8iuuqm4 in a blue dress,in the kitchen_00003_.png
8iuuqm4  with brown handbag,in the kitchen_00004_.png
8iuuqm4 riding a bike with a basket of flowers,on a bike_00002_.png
8iuuqm4 with a brown case,portrait_00006_.png
8iuuqm4 with a book and a cat,reading_00007_.png
8iuuqm4 reading a book,reading_00009_.png
8iuuqm4 in a blue dress with a handbag,running_00004_.png
8iuuqm4 being sad in a blue dress,sad.png
8iuuqm4 on the beach with goggles on her head,swimming_00015_.png